<?xml version="1.0" encoding="UTF-8"?>
<!DOCTYPE suite SYSTEM "https://testng.org/testng-1.0.dtd">
<suite name="Suite" verbose="5" parallel="tests">
 <parameter name="url" value="http://leaftaps.com/opentaps/control/main"></parameter>
  <parameter name="uname" value="Demosalesmanager"></parameter>
  <parameter name="pword" value="crmsfa"></parameter>
  <test thread-count="5" name="CreateLead" parallel="classes"><!--firefox-->
  <parameter name="browser" value="Firefox"></parameter>
    <classes>
      <class name="week5.day2.CreateLead"/>
      <class name="week5.day2.EditLead"/>
    </classes>
  </test> 
  
  
</suite> <!-- Suite -->
